"DESCRIPTION","DURATION IN MS","NAME","PARENT SUITE","START TIME","STATUS","STOP TIME","SUB SUITE","SUITE","TEST CLASS","TEST METHOD"
"","9167","SearchFunctionality","MoviesAppTest","2026-09-29","passed","2026-09-29","SearchPageTest","ParallelTests","SearchPageTest","SearchFunctionality"
"","716","emptyUSERNAME","Default Suite","2026-09-30","passed","2026-09-30","LoginPageTest","MoviesAppTest","LoginPageTest","emptyUSERNAME"
"","1136","HomeMovieFunctionality","Default Suite","2026-09-29","passed","2026-09-29","MovieDetailsPageTest","MoviesAppTest","MovieDetailsPageTest","HomeMovieFunctionality"
"","395","HeaderSectionUI","Default Suite","2026-05-28","passed","2026-05-28","HeaderSectionPageTest","MoviesAppTest","HeaderSectionPageTest","HeaderSectionUI"
"","465","HeadingTests","MoviesAppTest","2026-09-29","passed","2026-09-29","HomePageTest","ParallelTests","HomePageTest","HeadingTests"
"","6","SetUp","Default Suite","2026-08-07","broken","2026-08-07","AccountPageTest","MoviesAppTest","AccountPageTest","SetUp"
"","927","LoginPageUi","Default Suite","2026-09-30","passed","2026-09-30","LoginPageTest","MoviesAppTest","LoginPageTest","LoginPageUi"
"","317","ContactSection","MoviesAppTest","2026-09-29","passed","2026-09-29","HomePageTest","ParallelTests","HomePageTest","ContactSection"
"","223","validCred","Default Suite","2026-05-13","passed","2026-05-13","LoginPageTest","MoviesAppTest","LoginPageTest","validCred"
"","9804","testNavbarNavigation","MoviesAppTest","2026-09-29","passed","2026-09-29","HeaderSectionPageTest","ParallelTests","HeaderSectionPageTest","testNavbarNavigation"
"","1145","EmptyInputFields","Default Suite","2026-09-30","passed","2026-09-30","LoginPageTest","MoviesAppTest","LoginPageTest","EmptyInputFields"
"","779","LoginTest","Default Suite","2026-05-13","passed","2026-05-13","LoginPageTest","MoviesAppTest","LoginPageTest","LoginTest"
"","1615","visibility","MoviesAppTest","2026-09-29","passed","2026-09-29","HeaderSectionPageTest","ParallelTests","HeaderSectionPageTest","visibility"
"","339","MovieSection","MoviesAppTest","2026-09-29","passed","2026-09-29","HomePageTest","ParallelTests","HomePageTest","MovieSection"
"","472","LoginWithValidCredentials","Default Suite","2026-09-30","passed","2026-09-30","LoginPageTest","MoviesAppTest","LoginPageTest","LoginWithValidCredentials"
"","2694","LoginFunctionalityWithInvalidCredentials","Default Suite","2026-09-30","passed","2026-09-30","LoginPageTest","MoviesAppTest","LoginPageTest","LoginFunctionalityWithInvalidCredentials"
"","2364","SearchFunctionalityFail","MoviesAppTest","2026-09-29","passed","2026-09-29","SearchPageTest","ParallelTests","SearchPageTest","SearchFunctionalityFail"
"","3","SetUp","Default Suite","2026-06-06","broken","2026-06-06","MovieDetailsPageTest","MoviesAppTest","MovieDetailsPageTest","SetUp"
"","3593","PopularPageUI","MoviesAppTest","2026-09-29","passed","2026-09-29","PopularPageTest","ParallelTests","PopularPageTest","PopularPageUI"
"","160","moviesSection","Default Suite","2026-05-13","failed","2026-05-13","HomePageTest","MoviesAppTest","HomePageTest","moviesSection"
"","1258","PlayButtonTest","MoviesAppTest","2026-09-29","passed","2026-09-29","HomePageTest","ParallelTests","HomePageTest","PlayButtonTest"
"","588","WebsiteLogo","Default Suite","2026-05-28","passed","2026-05-28","HeaderSectionPageTest","MoviesAppTest","HeaderSectionPageTest","WebsiteLogo"
"","1217","loginFunctionalityWithInvalidCredentials","Default Suite","2026-05-13","passed","2026-05-13","LoginPageTest","MoviesAppTest","LoginPageTest","loginFunctionalityWithInvalidCredentials"
"","678","emptyPASSWORD","Default Suite","2026-09-30","passed","2026-09-30","LoginPageTest","MoviesAppTest","LoginPageTest","emptyPASSWORD"
"","2","SetUp","Default Suite","2026-08-07","broken","2026-08-07","PopularPageTest","MoviesAppTest","PopularPageTest","SetUp"
"","2","setUp","Default Suite","2026-05-13","broken","2026-05-13","HomePageTest","MoviesAppTest","HomePageTest","setUp"
"","29","AccountFunctionality","MoviesAppTest","2026-09-29","passed","2026-09-29","AccountPageTest","ParallelTests","AccountPageTest","AccountFunctionality"
